abaddon            ,alchemist         ,ancient-apparition,anti-mage       ,arc-warden       ,axe              ,bane          ,batrider        ,beastmaster   ,bloodseeker     ,bounty-hunter ,brewmaster         ,bristleback       ,broodmother     ,centaur-warrunner,chaos-knight  ,chen          ,clinkz          ,clockwerk     ,crystal-maiden   ,dark-seer          ,dark-willow     ,dazzle            ,death-prophet      ,disruptor       ,doom         ,dragon-knight    ,drow-ranger     ,earth-spirit ,earthshaker     ,elder-titan     ,ember-spirit    ,enchantress     ,enigma       ,faceless-void,grimstroke      ,gyrocopter       ,huskar            ,invoker         ,io                 ,jakiro           ,juggernaut      ,keeper-of-the-light,kunkka           ,legion-commander,leshrac          ,lich              ,lifestealer       ,lina             ,lion         ,lone-druid      ,luna          ,lycan              ,magnus             ,mars             ,medusa             ,meepo            ,mirana        ,monkey-king       ,morphling         ,naga-siren         ,natures-prophet ,necrophos         ,night-stalker   ,nyx-assassin    ,ogre-magi     ,omniknight        ,oracle           ,outworld-devourer,pangolier    ,phantom-assassin,phantom-lancer     ,phoenix            ,puck            ,pudge        ,pugna           ,queen-of-pain   ,razor            ,riki            ,rubick          ,sand-king    ,shadow-demon  ,shadow-fiend     ,shadow-shaman   ,silencer        ,skywrath-mage    ,slardar       ,slark              ,snapfire        ,sniper           ,spectre         ,spirit-breaker  ,storm-spirit    ,sven               ,techies          ,templar-assassin,terrorblade        ,tidehunter         ,timbersaw        ,tinker       ,tiny             ,treant-protector   ,troll-warlord      ,tusk            ,underlord        ,undying           ,ursa            ,vengeful-spirit,venomancer      ,viper           ,visage        ,void-spirit     ,warlock         ,weaver           ,windranger       ,winter-wyvern     ,witch-doctor    ,wraith-king     ,zeus
Outworld Devourer  ,Monkey King       ,Phantom Lancer    ,Meepo           ,Lycan            ,Outworld Devourer,Meepo         ,Weaver          ,Chen          ,Tinker          ,Naga Siren    ,Weaver             ,Slark             ,Earthshaker     ,Lycan            ,Naga Siren    ,Meepo         ,Naga Siren      ,Broodmother   ,Pudge            ,Leshrac            ,Naga Siren      ,Ancient Apparition,Medusa             ,Huskar          ,Broodmother  ,Slark            ,Lycan           ,Oracle       ,Gyrocopter      ,Tinker          ,Huskar          ,Naga Siren      ,Medusa       ,Broodmother  ,Gyrocopter      ,Clockwerk        ,Ancient Apparition,Void Spirit     ,Chen               ,Rubick           ,Morphling       ,Phantom Assassin   ,Juggernaut       ,Oracle          ,Undying          ,Undying           ,Razor             ,Sniper           ,Gyrocopter   ,Huskar          ,Spectre       ,Bristleback        ,Huskar             ,Phantom Lancer   ,Anti-Mage          ,Elder Titan      ,Meepo         ,Tinker            ,Ancient Apparition,Leshrac            ,Meepo           ,Viper             ,Naga Siren      ,Lycan           ,Phantom Lancer,Outworld Devourer ,Visage           ,Broodmother      ,Bloodseeker  ,Morphling       ,Timbersaw          ,Lifestealer        ,Templar Assassin,Earth Spirit ,Pudge           ,Puck            ,Queen of Pain    ,Naga Siren      ,Earth Spirit    ,Zeus         ,Phantom Lancer,Templar Assassin ,Meepo           ,Broodmother     ,Oracle           ,Terrorblade   ,Leshrac            ,Broodmother     ,Storm Spirit     ,Undying         ,Underlord       ,Anti-Mage       ,Templar Assassin   ,Pudge            ,Meepo           ,Dark Seer          ,Slark              ,Death Prophet    ,Anti-Mage    ,Batrider         ,Timbersaw          ,Tinker             ,Templar Assassin,Sniper           ,Medusa            ,Beastmaster     ,Broodmother    ,Phantom Lancer  ,Broodmother     ,Medusa        ,Techies         ,Broodmother     ,Techies          ,Centaur Warrunner,Timbersaw         ,Morphling       ,Phantom Lancer  ,Broodmother
Slark              ,Ancient Apparition,Anti-Mage         ,Legion Commander,Broodmother      ,Venomancer       ,Naga Siren    ,Tidehunter      ,Sniper        ,Storm Spirit    ,Meepo         ,Timbersaw          ,Silencer          ,Kunkka          ,Alchemist        ,Dark Seer     ,Batrider      ,Phantom Lancer  ,Phantom Lancer,Earth Spirit     ,Windranger         ,Nature's Prophet,Outworld Devourer ,Shadow Fiend       ,Oracle          ,Meepo        ,Meepo            ,Broodmother     ,Dark Seer    ,Viper           ,Sniper          ,Techies         ,Phantom Lancer  ,Rubick       ,Meepo        ,Shadow Demon    ,Spectre          ,Necrophos         ,Broodmother     ,Troll Warlord      ,Clinkz           ,Chen            ,Bloodseeker        ,Outworld Devourer,Winter Wyvern   ,Spectre          ,Oracle            ,Beastmaster       ,Templar Assassin ,Beastmaster  ,Winter Wyvern   ,Clockwerk     ,Sven               ,Troll Warlord      ,Riki             ,Invoker            ,Earthshaker      ,Broodmother   ,Queen of Pain     ,Outworld Devourer ,Sand King          ,Batrider        ,Ancient Apparition,Meepo           ,Templar Assassin,Chaos Knight  ,Timbersaw         ,Razor            ,Queen of Pain    ,Bane         ,Terrorblade     ,Dark Seer          ,Juggernaut         ,Alchemist       ,Death Prophet,Anti-Mage       ,Ember Spirit    ,Morphling        ,Bounty Hunter   ,Tinker          ,Anti-Mage    ,Timbersaw     ,Terrorblade      ,Terrorblade     ,Phantom Lancer  ,Chaos Knight     ,Tidehunter    ,Outworld Devourer  ,Death Prophet   ,Morphling        ,Viper           ,Meepo           ,Meepo           ,Phoenix            ,Spectre          ,Batrider        ,Timbersaw          ,Outworld Devourer  ,Silencer         ,Pudge        ,Necrophos        ,Phoenix            ,Pugna              ,Lich            ,Broodmother      ,Gyrocopter        ,Visage          ,Lycan          ,Broodmother     ,Terrorblade     ,Bristleback   ,Death Prophet   ,Huskar          ,Faceless Void    ,Mars             ,Huskar            ,Riki            ,Underlord       ,Anti-Mage
Lycan              ,Morphling         ,Naga Siren        ,Lone Druid      ,Meepo            ,Batrider         ,Phantom Lancer,Abaddon         ,Phantom Lancer,Juggernaut      ,Techies       ,Queen of Pain      ,Viper             ,Meepo           ,Dazzle           ,Tidehunter    ,Monkey King   ,Meepo           ,Visage        ,Rubick           ,Bristleback        ,Phantom Lancer  ,Phantom Lancer    ,Sniper             ,Chen            ,Arc Warden   ,Outworld Devourer,Phantom Lancer  ,Enigma       ,Grimstroke      ,Brewmaster      ,Slark           ,Pudge           ,Spectre      ,Tinker       ,Razor           ,Abaddon          ,Viper             ,Templar Assassin,Meepo              ,Lifestealer      ,Death Prophet   ,Venomancer         ,Lifestealer      ,Magnus          ,Razor            ,Pugna             ,Enigma            ,Pugna            ,Earth Spirit ,Broodmother     ,Dark Seer     ,Naga Siren         ,Death Prophet      ,Brewmaster       ,Nyx Assassin       ,Winter Wyvern    ,Naga Siren    ,Batrider          ,Axe               ,Timbersaw          ,Morphling       ,Sniper            ,Chen            ,Night Stalker   ,Meepo         ,Necrophos         ,Lycan            ,Visage           ,Clinkz       ,Gyrocopter      ,Leshrac            ,Morphling          ,Dragon Knight   ,Lycan        ,Chen            ,Medusa          ,Bristleback      ,Underlord       ,Huskar          ,Batrider     ,Dark Seer     ,Tinker           ,Lone Druid      ,Naga Siren      ,Lycan            ,Phantom Lancer,Grimstroke         ,Earth Spirit    ,Pudge            ,Anti-Mage       ,Necrophos       ,Night Stalker   ,Treant Protector   ,Wraith King      ,Phantom Lancer  ,Tinker             ,Omniknight         ,Batrider         ,Visage       ,Death Prophet    ,Batrider           ,Outworld Devourer  ,Terrorblade     ,Ursa             ,Bounty Hunter     ,Brewmaster      ,Phantom Lancer ,Arc Warden      ,Chaos Knight    ,Phantom Lancer,Dragon Knight   ,Slark           ,Bounty Hunter    ,Tinker           ,Tinker            ,Broodmother     ,Naga Siren      ,Lycan
Dark Seer          ,Razor             ,Lycan             ,Io              ,Phantom Lancer   ,Ember Spirit     ,Beastmaster   ,Huskar          ,Winter Wyvern ,Medusa          ,Slark         ,Anti-Mage          ,Legion Commander  ,Naga Siren      ,Bristleback      ,Phantom Lancer,Naga Siren    ,Bounty Hunter   ,Anti-Mage     ,Puck             ,Warlock            ,Puck            ,Axe               ,Keeper of the Light,Arc Warden      ,Chaos Knight ,Huskar           ,Tinker          ,Death Prophet,Tiny            ,Lifestealer     ,Oracle          ,Phantom Assassin,Sniper       ,Death Prophet,Clinkz          ,Lifestealer      ,Timbersaw         ,Pugna           ,Terrorblade        ,Huskar           ,Riki            ,Batrider           ,Death Prophet    ,Mars            ,Queen of Pain    ,Anti-Mage         ,Nature's Prophet  ,Spectre          ,Grimstroke   ,Drow Ranger     ,Bristleback   ,Earthshaker        ,Doom               ,Undying          ,Slark              ,Pangolier        ,Lycan         ,Windranger        ,Anti-Mage         ,Dark Seer          ,Storm Spirit    ,Anti-Mage         ,Visage          ,Visage          ,Visage        ,Pugna             ,Outworld Devourer,Arc Warden       ,Puck         ,Meepo           ,Ember Spirit       ,Io                 ,Medusa          ,Leshrac      ,Sniper          ,Huskar          ,Anti-Mage        ,Bristleback     ,Enchantress     ,Bristleback  ,Tidehunter    ,Beastmaster      ,Spectre         ,Lycan           ,Templar Assassin ,Naga Siren    ,Pugna              ,Leshrac         ,Spectre          ,Necrophos       ,Omniknight      ,Queen of Pain   ,Terrorblade        ,Dragon Knight    ,Naga Siren      ,Zeus               ,Juggernaut         ,Outworld Devourer,Spectre      ,Timbersaw        ,Huskar             ,Razor              ,Winter Wyvern   ,Timbersaw        ,Anti-Mage         ,Naga Siren      ,Terrorblade    ,Dark Seer       ,Phantom Lancer  ,Winter Wyvern ,Templar Assassin,Bristleback     ,Riki             ,Shadow Demon     ,Pugna             ,Techies         ,Tidehunter      ,Chen
Broodmother        ,Slark             ,Storm Spirit      ,Slardar         ,Io               ,Tiny             ,Wraith King   ,Queen of Pain   ,Naga Siren    ,Techies         ,Necrophos     ,Faceless Void      ,Nyx Assassin      ,Magnus          ,Templar Assassin ,Medusa        ,Timbersaw     ,Broodmother     ,Huskar        ,Enigma           ,Witch Doctor       ,Pugna           ,Morphling         ,Nature's Prophet   ,Sniper          ,Clinkz       ,Viper            ,Sniper          ,Leshrac      ,Spectre         ,Alchemist       ,Meepo           ,Crystal Maiden  ,Warlock      ,Chaos Knight ,Bloodseeker     ,Zeus             ,Death Prophet     ,Earth Spirit    ,Slardar            ,Morphling        ,Ursa            ,Void Spirit        ,Ember Spirit     ,Shadow Demon    ,Bane             ,Clinkz            ,Templar Assassin  ,Tinker           ,Leshrac      ,Phoenix         ,Phantom Lancer,Kunkka             ,Necrophos          ,Meepo            ,Sniper             ,Leshrac          ,Terrorblade   ,Storm Spirit      ,Puck              ,Earthshaker        ,Spectre         ,Drow Ranger       ,Broodmother     ,Juggernaut      ,Lycan         ,Dark Seer         ,Riki             ,Medusa           ,Grimstroke   ,Medusa          ,Puck               ,Abaddon            ,Sniper          ,Grimstroke   ,Bristleback     ,Viper           ,Sniper           ,Beastmaster     ,Batrider        ,Alchemist    ,Void Spirit   ,Medusa           ,Naga Siren      ,Arc Warden      ,Pugna            ,Luna          ,Disruptor          ,Lycan           ,Mars             ,Io              ,Ember Spirit    ,Lone Druid      ,Batrider           ,Oracle           ,Terrorblade     ,Sand King          ,Grimstroke         ,Nyx Assassin     ,Storm Spirit ,Huskar           ,Visage             ,Gyrocopter         ,Meepo           ,Rubick           ,Lifestealer       ,Phantom Lancer  ,Meepo          ,Sniper          ,Naga Siren      ,Dark Seer     ,Alchemist       ,Chen            ,Mars             ,Queen of Pain    ,Anti-Mage         ,Nature's Prophet,Alchemist       ,Storm Spirit
Shadow Demon       ,Huskar            ,Arc Warden        ,Templar Assassin,Anti-Mage        ,Gyrocopter       ,Chaos Knight  ,Storm Spirit    ,Lycan         ,Lifestealer     ,Abaddon       ,Riki               ,Anti-Mage         ,Legion Commander,Witch Doctor     ,Timbersaw     ,Brewmaster    ,Terrorblade     ,Meepo         ,Juggernaut       ,Nyx Assassin       ,Broodmother     ,Pangolier         ,Ancient Apparition ,Tinker          ,Visage       ,Enigma           ,Mars            ,Grimstroke   ,Clockwerk       ,Juggernaut      ,Monkey King     ,Bristleback     ,Clinkz       ,Naga Siren   ,Bane            ,Underlord        ,Chaos Knight      ,Lycan           ,Ancient Apparition ,Juggernaut       ,Windranger      ,Ember Spirit       ,Monkey King      ,Templar Assassin,Drow Ranger      ,Leshrac           ,Bane              ,Gyrocopter       ,Rubick       ,Visage          ,Pudge         ,Medusa             ,Leshrac            ,Night Stalker    ,Underlord          ,Jakiro           ,Bounty Hunter ,Zeus              ,Broodmother       ,Underlord          ,Earth Spirit    ,Skywrath Mage     ,Lycan           ,Broodmother     ,Naga Siren    ,Snapfire          ,Death Prophet    ,Templar Assassin ,Void Spirit  ,Omniknight      ,Sand King          ,Bloodseeker        ,Io              ,Magnus       ,Arc Warden      ,Legion Commander,Weaver           ,Meepo           ,Death Prophet   ,Snapfire     ,Lycan         ,Arc Warden       ,Phantom Lancer  ,Terrorblade     ,Anti-Mage        ,Venomancer    ,Puck               ,Enchantress     ,Phantom Assassin ,Lifestealer     ,Sand King       ,Riki            ,Slark              ,Anti-Mage        ,Troll Warlord   ,Axe                ,Razor              ,Pugna            ,Pugna        ,Viper            ,Snapfire           ,Windranger         ,Naga Siren      ,Monkey King      ,Phantom Lancer    ,Windranger      ,Dark Seer      ,Terrorblade     ,Morphling       ,Death Prophet ,Grimstroke      ,Bounty Hunter   ,Rubick           ,Pugna            ,Sniper            ,Phantom Lancer  ,Omniknight      ,Templar Assassin
Lina               ,Phantom Assassin  ,Clinkz            ,Phantom Assassin,Centaur Warrunner,Warlock          ,Death Prophet ,Silencer        ,Dark Seer     ,Morphling       ,Phantom Lancer,Phantom Lancer     ,Tusk              ,Dark Seer       ,Timbersaw        ,Omniknight    ,Dark Seer     ,Enchantress     ,Lycan         ,Drow Ranger      ,Nature's Prophet   ,Spectre         ,Monkey King       ,Terrorblade        ,Clinkz          ,Alchemist    ,Timbersaw        ,Earth Spirit    ,Troll Warlord,Sven            ,Warlock         ,Troll Warlord   ,Earth Spirit    ,Wraith King  ,Enchantress  ,Drow Ranger     ,Juggernaut       ,Broodmother       ,Leshrac         ,Lycan              ,Enchantress      ,Skywrath Mage   ,Sniper             ,Venomancer       ,Tiny            ,Clockwerk        ,Phoenix           ,Faceless Void     ,Medusa           ,Pugna        ,Enchantress     ,Broodmother   ,Tidehunter         ,Timbersaw          ,Tinker           ,Broodmother        ,Underlord        ,Axe           ,Viper             ,Techies           ,Elder Titan        ,Naga Siren      ,Medusa            ,Bloodseeker     ,Io              ,Terrorblade   ,Drow Ranger       ,Chen             ,Pugna            ,Skywrath Mage,Earth Spirit    ,Meepo              ,Snapfire           ,Clinkz          ,Alchemist    ,Visage          ,Anti-Mage       ,Tinker           ,Phantom Assassin,Pugna           ,Huskar       ,Brewmaster    ,Drow Ranger      ,Beastmaster     ,Enchantress     ,Broodmother      ,Windranger    ,Lina               ,Bristleback     ,Earth Spirit     ,Dazzle          ,Naga Siren      ,Troll Warlord   ,Troll Warlord      ,Templar Assassin ,Huskar          ,Arc Warden         ,Sniper             ,Grimstroke       ,Zeus         ,Venomancer       ,Morphling          ,Ogre Magi          ,Leshrac         ,Alchemist        ,Brewmaster        ,Chaos Knight    ,Tinker         ,Lifestealer     ,Juggernaut      ,Alchemist     ,Ember Spirit    ,Morphling       ,Drow Ranger      ,Axe              ,Phantom Lancer    ,Bristleback     ,Dark Seer       ,Huskar
Undying            ,Bounty Hunter     ,Visage            ,Tiny            ,Chaos Knight     ,Viper            ,Medusa        ,Oracle          ,Queen of Pain ,Zeus            ,Troll Warlord ,Earthshaker        ,Drow Ranger       ,Alchemist       ,Slardar          ,Phoenix       ,Bristleback   ,Morphling       ,Chen          ,Phoenix          ,Lone Druid         ,Juggernaut      ,Grimstroke        ,Leshrac            ,Legion Commander,Death Prophet,Underlord        ,Nature's Prophet,Batrider     ,Alchemist       ,Bounty Hunter   ,Silencer        ,Windranger      ,Alchemist    ,Skywrath Mage,Lone Druid      ,Mars             ,Bristleback       ,Alchemist       ,Huskar             ,Slark            ,Bane            ,Morphling          ,Razor            ,Troll Warlord   ,Outworld Devourer,Weaver            ,Ursa              ,Axe              ,Kunkka       ,Brewmaster      ,Zeus          ,Leshrac            ,Grimstroke         ,Necrophos        ,Bristleback        ,Timbersaw        ,Shadow Demon  ,Skywrath Mage     ,Skywrath Mage     ,Jakiro             ,Treant Protector,Death Prophet     ,Bounty Hunter   ,Riki            ,Oracle        ,Ancient Apparition,Bloodseeker      ,Puck             ,Queen of Pain,Phoenix         ,Axe                ,Huskar             ,Riki            ,Undying      ,Chaos Knight    ,Templar Assassin,Techies          ,Chen            ,Lycan           ,Venomancer   ,Pangolier     ,Outworld Devourer,Visage          ,Shadow Fiend    ,Centaur Warrunner,Troll Warlord ,Ancient Apparition ,Alchemist       ,Nature's Prophet ,Phoenix         ,Jakiro          ,Silencer        ,Shadow Demon       ,Arc Warden       ,Medusa          ,Underlord          ,Undying            ,Enchantress      ,Alchemist    ,Terrorblade      ,Mars               ,Pangolier          ,Phantom Lancer  ,Lifestealer      ,Meepo             ,Broodmother     ,Naga Siren     ,Nature's Prophet,Arc Warden      ,Lycan         ,Earth Spirit    ,Legion Commander,Morphling        ,Spectre          ,Omniknight        ,Phantom Assassin,Slark           ,Io
Grimstroke         ,Witch Doctor      ,Void Spirit       ,Troll Warlord   ,Dark Seer        ,Elder Titan      ,Lycan         ,Legion Commander,Bristleback   ,Nature's Prophet,Slardar       ,Keeper of the Light,Ancient Apparition,Sven            ,Bloodseeker      ,Enigma        ,Phantom Lancer,Phantom Assassin,Beastmaster   ,Lina             ,Monkey King        ,Sand King       ,Lina              ,Phantom Assassin   ,Beastmaster     ,Lycan        ,Venomancer       ,Chaos Knight    ,Monkey King  ,Dragon Knight   ,Chen            ,Lifestealer     ,Morphling       ,Riki         ,Wraith King  ,Leshrac         ,Arc Warden       ,Windranger        ,Riki            ,Batrider           ,Pangolier        ,Axe             ,Juggernaut         ,Timbersaw        ,Medusa          ,Brewmaster       ,Lycan             ,Broodmother       ,Batrider         ,Visage       ,Viper           ,Arc Warden    ,Ember Spirit       ,Chen               ,Lifestealer      ,Jakiro             ,Lich             ,Lone Druid    ,Techies           ,Earthshaker       ,Necrophos          ,Broodmother     ,Pugna             ,Wraith King     ,Venomancer      ,Broodmother   ,Lich              ,Drow Ranger      ,Nyx Assassin     ,Riki         ,Templar Assassin,Magnus             ,Arc Warden         ,Arc Warden      ,Tusk         ,Ogre Magi       ,Oracle          ,Visage           ,Troll Warlord   ,Gyrocopter      ,Disruptor    ,Weaver        ,Zeus             ,Gyrocopter      ,Chen            ,Phantom Lancer   ,Medusa        ,Necrophos          ,Techies         ,Slark            ,Warlock         ,Tiny            ,Nyx Assassin    ,Weaver             ,Chen             ,Dark Seer       ,Storm Spirit       ,Bloodseeker        ,Visage           ,Nyx Assassin ,Enchantress      ,Enigma             ,Keeper of the Light,Enchantress     ,Batrider         ,Weaver            ,Lycan           ,Medusa         ,Juggernaut      ,Lifestealer     ,Sniper        ,Troll Warlord   ,Tidehunter      ,Nature's Prophet ,Morphling        ,Spectre           ,Faceless Void   ,Treant Protector,Visage
Keeper of the Light,Windranger        ,Beastmaster       ,Huskar          ,Death Prophet    ,Witch Doctor     ,Terrorblade   ,Juggernaut      ,Undying       ,Ember Spirit    ,Omniknight    ,Clockwerk          ,Nature's Prophet  ,Monkey King     ,Elder Titan      ,Bristleback   ,Kunkka        ,Abaddon         ,Snapfire      ,Leshrac          ,Keeper of the Light,Arc Warden      ,Drow Ranger       ,Anti-Mage          ,Nature's Prophet,Huskar       ,Necrophos        ,Zeus            ,Earthshaker  ,Night Stalker   ,Faceless Void   ,Venomancer      ,Leshrac         ,Anti-Mage    ,Grimstroke   ,Pugna           ,Chen             ,Bloodseeker       ,Ember Spirit    ,Medusa             ,Pugna            ,Lycan           ,Bounty Hunter      ,Alchemist        ,Tusk            ,Luna             ,Tinker            ,Magnus            ,Windranger       ,Chaos Knight ,Naga Siren      ,Lycan         ,Winter Wyvern      ,Tidehunter         ,Outworld Devourer,Rubick             ,Batrider         ,Earth Spirit  ,Sniper            ,Storm Spirit      ,Medusa             ,Pudge           ,Oracle            ,Templar Assassin,Shadow Shaman   ,Enigma        ,Morphling         ,Phantom Lancer   ,Lycan            ,Ember Spirit ,Luna            ,Earthshaker        ,Lina               ,Night Stalker   ,Terrorblade  ,Nature's Prophet,Slark           ,Enigma           ,Broodmother     ,Templar Assassin,Sniper       ,Lone Druid    ,Earth Spirit     ,Silencer        ,Beastmaster     ,Naga Siren       ,Gyrocopter    ,Techies            ,Tinker          ,Clockwerk        ,Lone Druid      ,Chen            ,Grimstroke      ,Winter Wyvern      ,Chaos Knight     ,Viper           ,Warlock            ,Alchemist          ,Puck             ,Lycan        ,Phoenix          ,Undying            ,Invoker            ,Timbersaw       ,Enchantress      ,Nature's Prophet  ,Venomancer      ,Earth Spirit   ,Legion Commander,Clinkz          ,Warlock       ,Sven            ,Troll Warlord   ,Naga Siren       ,Ember Spirit     ,Sand King         ,Sniper          ,Anti-Mage       ,Lifestealer
Meepo              ,Slardar           ,Brewmaster        ,Terrorblade     ,Riki             ,Night Stalker    ,Enigma        ,Sniper          ,Earthshaker   ,Faceless Void   ,Storm Spirit  ,Pangolier          ,Venomancer        ,Tiny            ,Warlock          ,Warlock       ,Windranger    ,Mars            ,Undying       ,Outworld Devourer,Anti-Mage          ,Shadow Demon    ,Shadow Fiend      ,Chaos Knight       ,Phantom Assassin,Venomancer   ,Treant Protector ,Arc Warden      ,Elder Titan  ,Death Prophet   ,Tiny            ,Morphling       ,Medusa          ,Zeus         ,Axe          ,Vengeful Spirit ,Anti-Mage        ,Sniper            ,Puck            ,Dark Willow        ,Weaver           ,Anti-Mage       ,Alchemist          ,Undying          ,Monkey King     ,Sniper           ,Bane              ,Riki              ,Drow Ranger      ,Death Prophet,Chen            ,Sand King     ,Timbersaw          ,Razor              ,Lone Druid       ,Centaur Warrunner  ,Snapfire         ,Chen          ,Ancient Apparition,Elder Titan       ,Axe                ,Terrorblade     ,Visage            ,Spirit Breaker  ,Kunkka          ,Grimstroke    ,Death Prophet     ,Broodmother      ,Zeus             ,Storm Spirit ,Axe             ,Crystal Maiden     ,Skywrath Mage      ,Huskar          ,Queen of Pain,Faceless Void   ,Meepo           ,Arc Warden       ,Dragon Knight   ,Pudge           ,Timbersaw    ,Riki          ,Mars             ,Luna            ,Abaddon         ,Shadow Demon     ,Enigma        ,Sand King          ,Nature's Prophet,Tinker           ,Venomancer      ,Dark Willow     ,Oracle          ,Dragon Knight      ,Lifestealer      ,Visage          ,Phantom Lancer     ,Huskar             ,Weaver           ,Clockwerk    ,Lifestealer      ,Broodmother        ,Lion               ,Dark Seer       ,Outworld Devourer,Timbersaw         ,Wraith King     ,Mars           ,Brewmaster      ,Brewmaster      ,Sven          ,Axe             ,Weaver          ,Broodmother      ,Gyrocopter       ,Death Prophet     ,Windranger      ,Meepo           ,Alchemist
Bloodseeker        ,Troll Warlord     ,Riki              ,Broodmother     ,Slark            ,Timbersaw        ,Spirit Breaker,Clinkz          ,Medusa        ,Troll Warlord   ,Lion          ,Dark Willow        ,Grimstroke        ,Mars            ,Undying          ,Elder Titan   ,Troll Warlord ,Lycan           ,Timbersaw     ,Kunkka           ,Enigma             ,Tinker          ,Slark             ,Techies            ,Shadow Demon    ,Invoker      ,Tidehunter       ,Monkey King     ,Medusa       ,Templar Assassin,Techies         ,Alchemist       ,Tinker          ,Abaddon      ,Storm Spirit ,Arc Warden      ,Earth Spirit     ,Phantom Assassin  ,Bounty Hunter   ,Bristleback        ,Snapfire         ,Slark           ,Nature's Prophet   ,Pangolier        ,Sven            ,Zeus             ,Shadow Demon      ,Slark             ,Razor            ,Shadow Demon ,Medusa          ,Wraith King   ,Slardar            ,Keeper of the Light,Storm Spirit     ,Keeper of the Light,Kunkka           ,Ember Spirit  ,Morphling         ,Tinker            ,Legion Commander   ,Slark           ,Silencer          ,Enchantress     ,Lone Druid      ,Leshrac       ,Razor             ,Templar Assassin ,Storm Spirit     ,Huskar       ,Tidehunter      ,Elder Titan        ,Keeper of the Light,Luna            ,Chaos Knight ,Ember Spirit    ,Tidehunter      ,Nature's Prophet ,Techies         ,Techies         ,Clinkz       ,Ember Spirit  ,Dark Seer        ,Omniknight      ,Legion Commander,Beastmaster      ,Juggernaut    ,Gyrocopter         ,Templar Assassin,Bounty Hunter    ,Lycan           ,Timbersaw       ,Io              ,Medusa             ,Centaur Warrunner,Slark           ,Pangolier          ,Bristleback        ,Faceless Void    ,Lone Druid   ,Gyrocopter       ,Earth Spirit       ,Ancient Apparition ,Weaver          ,Viper            ,Clinkz            ,Templar Assassin,Brewmaster     ,Enchantress     ,Windranger      ,Bloodseeker   ,Huskar          ,Lycan           ,Axe              ,Bane             ,Enchantress       ,Beastmaster     ,Bristleback     ,Brewmaster
Timbersaw          ,Terrorblade       ,Windranger        ,Axe             ,Storm Spirit     ,Monkey King      ,Io            ,Slark           ,Kunkka        ,Monkey King     ,Huskar        ,Omniknight         ,Dazzle            ,Void Spirit     ,Sven             ,Underlord     ,Dazzle        ,Brewmaster      ,Io            ,Gyrocopter       ,Bloodseeker        ,Zeus            ,Brewmaster        ,Bristleback        ,Alchemist       ,Sniper       ,Jakiro           ,Bounty Hunter   ,Faceless Void,Ember Spirit    ,Windranger      ,Juggernaut      ,Ogre Magi       ,Silencer     ,Shadow Shaman,Lycan           ,Shadow Demon     ,Enigma            ,Morphling       ,Broodmother        ,Alchemist        ,Legion Commander,Weaver             ,Bounty Hunter    ,Omniknight      ,Gyrocopter       ,Bristleback       ,Spirit Breaker    ,Arc Warden       ,Axe          ,Pangolier       ,Shadow Demon  ,Troll Warlord      ,Oracle             ,Dark Seer        ,Riki               ,Outworld Devourer,Techies       ,Phoenix           ,Lion              ,Sven               ,Spirit Breaker  ,Arc Warden        ,Treant Protector,Faceless Void   ,Earth Spirit  ,Sniper            ,Lina             ,Silencer         ,Juggernaut   ,Timbersaw       ,Underlord          ,Death Prophet      ,Monkey King     ,Timbersaw    ,Kunkka          ,Riki            ,Terrorblade      ,Terrorblade     ,Drow Ranger     ,Magnus       ,Storm Spirit  ,Bane             ,Tidehunter      ,Medusa          ,Earth Spirit     ,Drow Ranger   ,Earthshaker        ,Batrider        ,Faceless Void    ,Omniknight      ,Treant Protector,Tiny            ,Silencer           ,Enigma           ,Sniper          ,Keeper of the Light,Leshrac            ,Ursa             ,Invoker      ,Razor            ,Leshrac            ,Skywrath Mage      ,Batrider        ,Witch Doctor     ,Broodmother       ,Tinker          ,Morphling      ,Abaddon         ,Lycan           ,Enchantress   ,Nyx Assassin    ,Omniknight      ,Zeus             ,Chaos Knight     ,Ancient Apparition,Omniknight      ,Lone Druid      ,Ember Spirit
Oracle             ,Lifestealer       ,Weaver            ,Monkey King     ,Naga Siren       ,Phoenix          ,Silencer      ,Faceless Void   ,Void Spirit   ,Enigma          ,Queen of Pain ,Sand King          ,Dragon Knight     ,Storm Spirit    ,Clinkz           ,Sand King     ,Enchantress   ,Omniknight      ,Enchantress   ,Monkey King      ,Ember Spirit       ,Leshrac         ,Nature's Prophet  ,Phantom Lancer     ,Lycan           ,Beastmaster  ,Crystal Maiden   ,Alchemist       ,Techies      ,Zeus            ,Puck            ,Puck            ,Pugna           ,Death Prophet,Lion         ,Shadow Fiend    ,Outworld Devourer,Arc Warden        ,Oracle          ,Keeper of the Light,Windranger       ,Io              ,Lifestealer        ,Winter Wyvern    ,Kunkka          ,Weaver           ,Techies           ,Windranger        ,Techies          ,Ember Spirit ,Slardar         ,Meepo         ,Terrorblade        ,Templar Assassin   ,Snapfire         ,Winter Wyvern      ,Shadow Fiend     ,Phantom Lancer,Mirana            ,Rubick            ,Tidehunter         ,Crystal Maiden  ,Terrorblade       ,Terrorblade     ,Ogre Magi       ,Chen          ,Weaver            ,Beastmaster      ,Huskar           ,Techies      ,Leshrac         ,Alchemist          ,Oracle             ,Tiny            ,Kunkka       ,Weaver          ,Abaddon         ,Outworld Devourer,Zeus            ,Queen of Pain   ,Leshrac      ,Earth Spirit  ,Winter Wyvern    ,Sniper          ,Sniper          ,Wraith King      ,Omniknight    ,Snapfire           ,Void Spirit     ,Zeus             ,Treant Protector,Enigma          ,Templar Assassin,Ursa               ,Lion             ,Ember Spirit    ,Winter Wyvern      ,Keeper of the Light,Shadow Fiend     ,Arc Warden   ,Tinker           ,Bane               ,Slark              ,Ember Spirit    ,Juggernaut       ,Legion Commander  ,Troll Warlord   ,Sniper         ,Tinker          ,Death Prophet   ,Naga Siren    ,Tinker          ,Abaddon         ,Bloodseeker      ,Oracle           ,Axe               ,Skywrath Mage   ,Timbersaw       ,Oracle
Monkey King        ,Sniper            ,Terrorblade       ,Kunkka          ,Oracle           ,Doom             ,Visage        ,Alchemist       ,Timbersaw     ,Sniper          ,Enchantress   ,Void Spirit        ,Outworld Devourer ,Axe             ,Tiny             ,Sven          ,Slark         ,Nature's Prophet,Warlock       ,Oracle           ,Legion Commander   ,Elder Titan     ,Razor             ,Vengeful Spirit    ,Broodmother     ,Witch Doctor ,Arc Warden       ,Pudge           ,Magnus       ,Leshrac         ,Zeus            ,Clinkz          ,Nyx Assassin    ,Lycan        ,Pudge        ,Monkey King     ,Treant Protector ,Tinker            ,Gyrocopter      ,Underlord          ,Tinker           ,Oracle          ,Bane               ,Sniper           ,Gyrocopter      ,Lifestealer      ,Witch Doctor      ,Phantom Assassin  ,Void Spirit      ,Medusa       ,Bristleback     ,Beastmaster   ,Enchantress        ,Ursa               ,Void Spirit      ,Ogre Magi          ,Monkey King      ,Mars          ,Beastmaster       ,Centaur Warrunner ,Keeper of the Light,Axe             ,Gyrocopter        ,Alchemist       ,Gyrocopter      ,Death Prophet ,Monkey King       ,Bristleback      ,Tinker           ,Tinker       ,Pudge           ,Necrophos          ,Bane               ,Shadow Fiend    ,Shadow Demon ,Clockwerk       ,Dragon Knight   ,Brewmaster       ,Lycan           ,Axe             ,Pudge        ,Mars          ,Bounty Hunter    ,Chaos Knight    ,Lone Druid      ,Bristleback      ,Razor         ,Lion               ,Oracle          ,Anti-Mage        ,Bristleback     ,Venomancer      ,Shadow Shaman   ,Undying            ,Tiny             ,Venomancer      ,Shadow Demon       ,Snapfire           ,Templar Assassin ,Tusk         ,Visage           ,Dark Seer          ,Shadow Shaman      ,Magnus          ,Snapfire         ,Shadow Fiend      ,Shadow Demon    ,Queen of Pain  ,Viper           ,Pudge           ,Axe           ,Storm Spirit    ,Pangolier       ,Shadow Fiend     ,Storm Spirit     ,Venomancer        ,Dark Willow     ,Brewmaster      ,Earth Spirit
Pangolier          ,Nyx Assassin      ,Chaos Knight      ,Puck            ,Kunkka           ,Dragon Knight    ,Tidehunter    ,Shadow Shaman   ,Bloodseeker   ,Pudge           ,Ember Spirit  ,Night Stalker      ,Shadow Fiend      ,Pangolier       ,Lone Druid       ,Kunkka        ,Weaver        ,Chaos Knight    ,Batrider      ,Medusa           ,Invoker            ,Axe             ,Vengeful Spirit   ,Drow Ranger        ,Bloodseeker     ,Medusa       ,Undying          ,Storm Spirit    ,Nyx Assassin ,Medusa          ,Dark Seer       ,Ursa            ,Chaos Knight    ,Grimstroke   ,Alchemist    ,Medusa          ,Warlock          ,Phantom Lancer    ,Enchantress     ,Witch Doctor       ,Razor            ,Lion            ,Clinkz             ,Batrider         ,Leshrac         ,Venomancer       ,Ancient Apparition,Ancient Apparition,Ember Spirit     ,Oracle       ,Dark Willow     ,Abaddon       ,Axe                ,Medusa             ,Anti-Mage        ,Zeus               ,Techies          ,Bane          ,Slark             ,Zeus              ,Gyrocopter         ,Magnus          ,Grimstroke        ,Troll Warlord   ,Naga Siren      ,Beastmaster   ,Elder Titan       ,Anti-Mage        ,Phantom Lancer   ,Drow Ranger  ,Tusk            ,Pangolier          ,Anti-Mage          ,Techies         ,Lina         ,Riki            ,Faceless Void   ,Lycan            ,Tiny            ,Necrophos       ,Underlord    ,Queen of Pain ,Tiny             ,Warlock         ,Clinkz          ,Tidehunter       ,Beastmaster   ,Shadow Demon       ,Morphling       ,Axe              ,Elder Titan     ,Spectre         ,Dragon Knight   ,Venomancer         ,Medusa           ,Dragon Knight   ,Morphling          ,Necrophos          ,Doom             ,Broodmother  ,Alchemist        ,Keeper of the Light,Bane               ,Riki            ,Bristleback      ,Ancient Apparition,Batrider        ,Drow Ranger    ,Windranger      ,Witch Doctor    ,Dark Willow   ,Oracle          ,Nature's Prophet,Outworld Devourer,Weaver           ,Zeus              ,Drow Ranger     ,Terrorblade     ,Lone Druid
Tiny               ,Juggernaut        ,Skywrath Mage     ,Riki            ,Legion Commander ,Sven             ,Lone Druid    ,Windranger      ,Tidehunter    ,Clockwerk       ,Tidehunter    ,Windranger         ,Necrophos         ,Ember Spirit    ,Io               ,Ember Spirit  ,Death Prophet ,Techies         ,Mirana        ,Elder Titan      ,Faceless Void      ,Riki            ,Gyrocopter        ,Mirana             ,Snapfire        ,Enchantress  ,Shadow Demon     ,Tusk            ,Weaver       ,Venomancer      ,Clockwerk       ,Necrophos       ,Meepo           ,Bristleback  ,Oracle       ,Templar Assassin,Clinkz           ,Morphling         ,Undying         ,Faceless Void      ,Oracle           ,Nature's Prophet,Faceless Void      ,Silencer         ,Morphling       ,Bloodseeker      ,Void Spirit       ,Slardar           ,Shadow Demon     ,Sven         ,Treant Protector,Terrorblade   ,Monkey King        ,Alchemist          ,Alchemist        ,Mirana             ,Sven             ,Io            ,Gyrocopter        ,Earth Spirit      ,Zeus               ,Gyrocopter      ,Pudge             ,Razor           ,Warlock         ,Brewmaster    ,Nature's Prophet  ,Tusk             ,Beastmaster      ,Faceless Void,Tiny            ,Centaur Warrunner  ,Queen of Pain      ,Nature's Prophet,Oracle       ,Techies         ,Techies         ,Medusa           ,Luna            ,Storm Spirit    ,Lifestealer  ,Phoenix       ,Shadow Demon     ,Phantom Assassin,Nature's Prophet,Tusk             ,Enchantress   ,Keeper of the Light,Brewmaster      ,Weaver           ,Ember Spirit    ,Gyrocopter      ,Underlord       ,Clockwerk          ,Io               ,Razor           ,Sniper             ,Doom               ,Bloodseeker      ,Death Prophet,Snapfire         ,Lycan              ,Tidehunter         ,Pangolier       ,Drow Ranger      ,Pangolier         ,Huskar          ,Lich           ,Storm Spirit    ,Weaver          ,Phoenix       ,Legion Commander,Leshrac         ,Legion Commander ,Earth Spirit     ,Necrophos         ,Void Spirit     ,Rubick          ,Chaos Knight
Alchemist          ,Dazzle            ,Dark Seer         ,Beastmaster     ,Bristleback      ,Treant Protector ,Slardar       ,Omniknight      ,Rubick        ,Legion Commander,Venomancer    ,Puck               ,Slardar           ,Spirit Breaker  ,Bounty Hunter    ,Jakiro        ,Sniper        ,Riki            ,Ember Spirit  ,Magnus           ,Tiny               ,Abaddon         ,Bloodseeker       ,Gyrocopter         ,Winter Wyvern   ,Queen of Pain,Phoenix          ,Spirit Breaker  ,Shadow Shaman,Jakiro          ,Clinkz          ,Legion Commander,Bane            ,Brewmaster   ,Techies      ,Huskar          ,Queen of Pain    ,Shadow Fiend      ,Storm Spirit    ,Windranger         ,Drow Ranger      ,Weaver          ,Drow Ranger        ,Weaver           ,Pangolier       ,Medusa           ,Earth Spirit      ,Winter Wyvern     ,Spirit Breaker   ,Undying      ,Warlock         ,Warlock       ,Batrider           ,Winter Wyvern      ,Warlock          ,Kunkka             ,Sand King        ,Alchemist     ,Outworld Devourer ,Ogre Magi         ,Kunkka             ,Phantom Assassin,Shadow Demon      ,Underlord       ,Lifestealer     ,Viper         ,Faceless Void     ,Slardar          ,Skywrath Mage    ,Night Stalker,Pugna           ,Storm Spirit       ,Storm Spirit       ,Mars            ,Morphling    ,Night Stalker   ,Silencer        ,Drow Ranger      ,Ogre Magi       ,Shadow Demon    ,Spectre      ,Sand King     ,Magnus           ,Drow Ranger     ,Visage          ,Death Prophet    ,Tinker        ,Oracle             ,Queen of Pain   ,Legion Commander ,Shadow Fiend    ,Grimstroke      ,Medusa          ,Enigma             ,Magnus           ,Arc Warden      ,Earthshaker        ,Tiny               ,Ogre Magi        ,Chaos Knight ,Outworld Devourer,Viper              ,Jakiro             ,Troll Warlord   ,Tinker           ,Bloodseeker       ,Drow Ranger     ,Bloodseeker    ,Drow Ranger     ,Invoker         ,Leshrac       ,Leshrac         ,Shadow Fiend    ,Nyx Assassin     ,Clockwerk        ,Warlock           ,Weaver          ,Dazzle          ,Spectre
Omniknight         ,Nature's Prophet  ,Phantom Assassin  ,Shadow Fiend    ,Mars             ,Spectre          ,Pudge         ,Lifestealer     ,Ember Spirit  ,Wraith King     ,Ogre Magi     ,Morphling          ,Timbersaw         ,Bristleback     ,Ember Spirit     ,Meepo         ,Earthshaker   ,Dragon Knight   ,Naga Siren    ,Witch Doctor     ,Timbersaw          ,Huskar          ,Magnus            ,Clinkz             ,Io              ,Drow Ranger  ,Razor            ,Sven            ,Lifestealer  ,Sniper          ,Phantom Assassin,Underlord       ,Mars            ,Weaver       ,Beastmaster  ,Spectre         ,Luna             ,Witch Doctor      ,Shadow Demon    ,Drow Ranger        ,Brewmaster       ,Faceless Void   ,Axe                ,Dragon Knight    ,Pugna           ,Clinkz           ,Elder Titan       ,Abaddon           ,Centaur Warrunner,Arc Warden   ,Beastmaster     ,Viper         ,Keeper of the Light,Outworld Devourer  ,Enigma           ,Clockwerk          ,Huskar           ,Bloodseeker   ,Enchantress       ,Timbersaw         ,Puck               ,Zeus            ,Tinker            ,Dark Willow     ,Dragon Knight   ,Magnus        ,Windranger        ,Centaur Warrunner,Enigma           ,Chen         ,Troll Warlord   ,Sven               ,Tidehunter         ,Legion Commander,Storm Spirit ,Alchemist       ,Disruptor       ,Venomancer       ,Slardar         ,Sniper          ,Bloodseeker  ,Pugna         ,Luna             ,Arc Warden      ,Alchemist       ,Abaddon          ,Lich          ,Windranger         ,Windranger      ,Spirit Breaker   ,Chen            ,Lich            ,Huskar          ,Keeper of the Light,Tinker           ,Death Prophet   ,Phoenix            ,Monkey King        ,Ember Spirit     ,Chen         ,Leshrac          ,Oracle             ,Lina               ,Omniknight      ,Huskar           ,Dark Seer         ,Arc Warden      ,Elder Titan    ,Slark           ,Shadow Demon    ,Undying       ,Viper           ,Phoenix         ,Luna             ,Bristleback      ,Weaver            ,Puck            ,Jakiro          ,Undying
Nyx Assassin       ,Bane              ,Broodmother       ,Magnus          ,Lone Druid       ,Zeus             ,Broodmother   ,Pangolier       ,Snapfire      ,Pugna           ,Crystal Maiden,Lycan              ,Ogre Magi         ,Necrophos       ,Underlord        ,Magnus        ,Slardar       ,Troll Warlord   ,Phoenix       ,Grimstroke       ,Tinker             ,Alchemist       ,Terrorblade       ,Weaver             ,Abaddon         ,Lone Druid   ,Witch Doctor     ,Legion Commander,Huskar       ,Sand King       ,Wraith King     ,Grimstroke      ,Batrider        ,Winter Wyvern,Spectre      ,Doom            ,Faceless Void    ,Pudge             ,Death Prophet   ,Dark Seer          ,Outworld Devourer,Void Spirit     ,Timbersaw          ,Brewmaster       ,Spirit Breaker  ,Sven             ,Alchemist         ,Morphling         ,Phantom Assassin ,Spectre      ,Phantom Assassin,Slark         ,Crystal Maiden     ,Enchantress        ,Queen of Pain    ,Monkey King        ,Warlock          ,Oracle        ,Terrorblade       ,Ursa              ,Phoenix            ,Legion Commander,Shadow Fiend      ,Venomancer      ,Pangolier       ,Tusk          ,Disruptor         ,Weaver           ,Death Prophet    ,Shadow Shaman,Dragon Knight   ,Keeper of the Light,Void Spirit        ,Zeus            ,Rubick       ,Batrider        ,Nyx Assassin    ,Spectre          ,Bloodseeker     ,Ember Spirit    ,Bounty Hunter,Underlord     ,Ursa             ,Mars            ,Huskar          ,Chen             ,Phoenix       ,Invoker            ,Storm Spirit    ,Centaur Warrunner,Slardar         ,Sven            ,Tidehunter      ,Invoker            ,Juggernaut       ,Treant Protector,Jakiro             ,Witch Doctor       ,Skywrath Mage    ,Lifestealer  ,Undying          ,Brewmaster         ,Dark Willow        ,Necrophos       ,Clinkz           ,Pugna             ,Terrorblade     ,Dark Willow    ,Techies         ,Legion Commander,Crystal Maiden,Monkey King     ,Earth Spirit    ,Shadow Shaman    ,Arc Warden       ,Slark             ,Tinker          ,Undying         ,Beastmaster
